Id,Id2,Geography,HousingUnits,MOE
1600000US2700172,2700172,"Ada city, Minnesota",815,34
1600000US2700190,2700190,"Adams city, Minnesota",369,45
1600000US2700262,2700262,"Adrian city, Minnesota",540,39
1600000US2700316,2700316,"Afton city, Minnesota",1162,86
1600000US2700460,2700460,"Aitkin city, Minnesota",1270,85
1600000US2700496,2700496,"Akeley city, Minnesota",243,42
1600000US2700622,2700622,"Albany city, Minnesota",1151,84
1600000US2700676,2700676,"Alberta city, Minnesota",56,16
1600000US2700694,2700694,"Albert Lea city, Minnesota",8584,146
1600000US2700730,2700730,"Albertville city, Minnesota",2196,167
1600000US2700838,2700838,"Alden city, Minnesota",330,41
1600000US2700892,2700892,"Aldrich city, Minnesota",25,12
1600000US2700928,2700928,"Alexandria city, Minnesota",6068,224
1600000US2701162,2701162,"Alpha city, Minnesota",86,43
1600000US2701234,2701234,"Altura city, Minnesota",184,31
1600000US2701252,2701252,"Alvarado city, Minnesota",164,31
1600000US2701324,2701324,"Amboy city, Minnesota",310,35
1600000US2701486,2701486,"Andover city, Minnesota",10228,180
1600000US2701558,2701558,"Angle Inlet CDP, Minnesota",123,47
1600000US2701684,2701684,"Annandale city, Minnesota",1414,153
1600000US2701720,2701720,"Anoka city, Minnesota",7432,306
1600000US2701864,2701864,"Appleton city, Minnesota",822,52
1600000US2701900,2701900,"Apple Valley city, Minnesota",19672,370
1600000US2701972,2701972,"Arco city, Minnesota",52,15
1600000US2702026,2702026,"Arden Hills city, Minnesota",3167,199
1600000US2702134,2702134,"Argyle city, Minnesota",293,39
1600000US2702152,2702152,"Arlington city, Minnesota",990,69
1600000US2702260,2702260,"Arnold CDP, Minnesota",1346,118
1600000US2702422,2702422,"Ashby city, Minnesota",230,38
1600000US2702548,2702548,"Askov city, Minnesota",227,39
1600000US2702692,2702692,"Atwater city, Minnesota",443,56
1600000US2702728,2702728,"Audubon city, Minnesota",242,37
1600000US2702872,2702872,"Aurora city, Minnesota",939,75
1600000US2702908,2702908,"Austin city, Minnesota",10779,172
1600000US2703052,2703052,"Avoca city, Minnesota",68,17
1600000US2703070,2703070,"Avon city, Minnesota",607,59
1600000US2703106,2703106,"Babbitt city, Minnesota",839,21
1600000US2703124,2703124,"Backus city, Minnesota",200,49
1600000US2703160,2703160,"Badger city, Minnesota",287,43
1600000US2703196,2703196,"Bagley city, Minnesota",760,42
1600000US2703214,2703214,"Baker CDP, Minnesota",28,11
1600000US2703250,2703250,"Balaton city, Minnesota",340,48
1600000US2703376,2703376,"Ball Club CDP, Minnesota",146,53
1600000US2703574,2703574,"Barnesville city, Minnesota",1154,84
1600000US2703628,2703628,"Barnum city, Minnesota",283,54
1600000US2703682,2703682,"Barrett city, Minnesota",207,31
1600000US2703718,2703718,"Barry city, Minnesota",30,16
1600000US2703970,2703970,"Battle Lake city, Minnesota",544,54
1600000US2704024,2704024,"Baudette city, Minnesota",554,65
1600000US2704042,2704042,"Baxter city, Minnesota",3273,164
1600000US2704114,2704114,"Bayport city, Minnesota",1387,123
1600000US2704204,2704204,"Beardsley city, Minnesota",121,27
1600000US2704348,2704348,"Beaulieu CDP, Minnesota",43,18
1600000US2704456,2704456,"Beaver Bay city, Minnesota",141,34
1600000US2704492,2704492,"Beaver Creek city, Minnesota",132,28
1600000US2704618,2704618,"Becker city, Minnesota",1646,156
1600000US2704672,2704672,"Bejou city, Minnesota",38,11
1600000US2704762,2704762,"Belgrade city, Minnesota",373,40
1600000US2704798,2704798,"Bellechester city, Minnesota",92,21
1600000US2704834,2704834,"Belle Plaine city, Minnesota",2723,175
1600000US2704960,2704960,"Bellingham city, Minnesota",119,23
1600000US2705014,2705014,"Beltrami city, Minnesota",53,18
1600000US2705050,2705050,"Belview city, Minnesota",195,27
1600000US2705068,2705068,"Bemidji city, Minnesota",6247,290
1600000US2705104,2705104,"Bena city, Minnesota",60,40
1600000US2705212,2705212,"Benson city, Minnesota",1617,92
1600000US2705482,2705482,"Bertha city, Minnesota",265,36
1600000US2705554,2705554,"Bethel city, Minnesota",197,34
1600000US2705644,2705644,"Bigelow city, Minnesota",95,26
1600000US2705680,2705680,"Big Falls city, Minnesota",170,31
1600000US2705698,2705698,"Bigfork city, Minnesota",229,42
1600000US2705744,2705744,"Big Lake CDP, Minnesota",247,36
1600000US2705752,2705752,"Big Lake city, Minnesota",3640,247
1600000US2705896,2705896,"Bingham Lake city, Minnesota",57,16
1600000US2706058,2706058,"Birchwood Village city, Minnesota",363,54
1600000US2706076,2706076,"Bird Island city, Minnesota",536,35
1600000US2706112,2706112,"Biscay city, Minnesota",47,16
1600000US2706148,2706148,"Biwabik city, Minnesota",642,49
1600000US2706256,2706256,"Blackduck city, Minnesota",369,40
1600000US2706382,2706382,"Blaine city, Minnesota",22132,393
1600000US2706490,2706490,"Blomkest city, Minnesota",64,18
1600000US2706580,2706580,"Blooming Prairie city, Minnesota",845,62
1600000US2706616,2706616,"Bloomington city, Minnesota",38218,558
1600000US2706688,2706688,"Blue Earth city, Minnesota",1512,90
1600000US2706778,2706778,"Bluffton city, Minnesota",78,20
1600000US2706814,2706814,"Bock city, Minnesota",40,16
1600000US2707030,2707030,"Borup city, Minnesota",57,22
1600000US2707048,2707048,"Bovey city, Minnesota",377,68
1600000US2707066,2707066,"Bowlus city, Minnesota",154,27
1600000US2707138,2707138,"Boyd city, Minnesota",109,22
1600000US2707174,2707174,"Boy River city, Minnesota",30,12
1600000US2707282,2707282,"Braham city, Minnesota",737,62
1600000US2707300,2707300,"Brainerd city, Minnesota",6403,229
1600000US2707336,2707336,"Brandon city, Minnesota",204,40
1600000US2707462,2707462,"Breckenridge city, Minnesota",1600,82
1600000US2707516,2707516,"Breezy Point city, Minnesota",1616,130
1600000US2707660,2707660,"Brewster city, Minnesota",220,32
1600000US2707678,2707678,"Bricelyn city, Minnesota",206,31
1600000US2707948,2707948,"Brooklyn Center city, Minnesota",12184,408
1600000US2707966,2707966,"Brooklyn Park city, Minnesota",27811,560
1600000US2707984,2707984,"Brook Park city, Minnesota",79,21
1600000US2708038,2708038,"Brooks city, Minnesota",61,15
1600000US2708056,2708056,"Brookston city, Minnesota",31,11
1600000US2708092,2708092,"Brooten city, Minnesota",307,31
1600000US2708110,2708110,"Browerville city, Minnesota",319,39
1600000US2708164,2708164,"Brownsdale city, Minnesota",345,42
1600000US2708200,2708200,"Browns Valley city, Minnesota",375,40
1600000US2708218,2708218,"Brownsville city, Minnesota",312,51
1600000US2708254,2708254,"Brownton city, Minnesota",384,46
1600000US2708290,2708290,"Bruno city, Minnesota",49,14
1600000US2708416,2708416,"Buckman city, Minnesota",95,22
1600000US2708452,2708452,"Buffalo city, Minnesota",6054,272
1600000US2708488,2708488,"Buffalo Lake city, Minnesota",361,51
1600000US2708524,2708524,"Buhl city, Minnesota",481,47
1600000US2708794,2708794,"Burnsville city, Minnesota",25719,431
1600000US2708902,2708902,"Burtrum city, Minnesota",77,21
1600000US2708992,2708992,"Butterfield city, Minnesota",258,42
1600000US2709154,2709154,"Byron city, Minnesota",1754,114
1600000US2709226,2709226,"Caledonia city, Minnesota",1295,78
1600000US2709280,2709280,"Callaway city, Minnesota",88,19
1600000US2709316,2709316,"Calumet city, Minnesota",169,35
1600000US2709370,2709370,"Cambridge city, Minnesota",3421,222
1600000US2709496,2709496,"Campbell city, Minnesota",128,23
1600000US2709604,2709604,"Canby city, Minnesota",900,46
1600000US2709730,2709730,"Cannon Falls city, Minnesota",1863,118
1600000US2709802,2709802,"Canton city, Minnesota",161,30
1600000US2709964,2709964,"Carlos city, Minnesota",245,45
1600000US2710018,2710018,"Carlton city, Minnesota",336,44
1600000US2710144,2710144,"Carver city, Minnesota",1230,98
1600000US2710252,2710252,"Cass Lake city, Minnesota",444,66
1600000US2710468,2710468,"Cedar Mills city, Minnesota",22,15
1600000US2710576,2710576,"Center City city, Minnesota",305,50
1600000US2710648,2710648,"Centerville city, Minnesota",1325,60
1600000US2710792,2710792,"Ceylon city, Minnesota",169,29
1600000US2710846,2710846,"Champlin city, Minnesota",9207,259
1600000US2710900,2710900,"Chandler city, Minnesota",120,23
1600000US2710918,2710918,"Chanhassen city, Minnesota",8965,210
1600000US2710972,2710972,"Chaska city, Minnesota",9253,260
1600000US2711008,2711008,"Chatfield city, Minnesota",1246,82
1600000US2711296,2711296,"Chickamaw Beach city, Minnesota",114,22
1600000US2711350,2711350,"Chisago City city, Minnesota",2142,214
1600000US2711386,2711386,"Chisholm city, Minnesota",2447,253
1600000US2711440,2711440,"Chokio city, Minnesota",217,39
1600000US2711494,2711494,"Circle Pines city, Minnesota",2075,120
1600000US2711548,2711548,"Clara City city, Minnesota",607,56
1600000US2711566,2711566,"Claremont city, Minnesota",235,30
1600000US2711602,2711602,"Clarissa city, Minnesota",329,44
1600000US2711656,2711656,"Clarkfield city, Minnesota",430,38
1600000US2711674,2711674,"Clarks Grove city, Minnesota",278,37
1600000US2711746,2711746,"Clearbrook city, Minnesota",292,43
1600000US2711764,2711764,"Clear Lake city, Minnesota",202,36
1600000US2711800,2711800,"Clearwater city, Minnesota",748,75
1600000US2711836,2711836,"Clements city, Minnesota",81,18
1600000US2711872,2711872,"Cleveland city, Minnesota",250,35
1600000US2711962,2711962,"Climax city, Minnesota",126,21
1600000US2711980,2711980,"Clinton city, Minnesota",225,32
1600000US2712088,2712088,"Clitherall city, Minnesota",53,15
1600000US2712124,2712124,"Clontarf city, Minnesota",74,16
1600000US2712160,2712160,"Cloquet city, Minnesota",5282,168
1600000US2712376,2712376,"Coates city, Minnesota",62,17
1600000US2712394,2712394,"Cobden city, Minnesota",19,12
1600000US2712412,2712412,"Cohasset city, Minnesota",1304,96
1600000US2712430,2712430,"Cokato city, Minnesota",1122,117
1600000US2712484,2712484,"Cold Spring city, Minnesota",1721,153
1600000US2712502,2712502,"Coleraine city, Minnesota",846,78
1600000US2712664,2712664,"Cologne city, Minnesota",572,59
1600000US2712700,2712700,"Columbia Heights city, Minnesota",8661,288
1600000US2712718,2712718,"Columbus city, Minnesota",1553,81
1600000US2712772,2712772,"Comfrey city, Minnesota",180,26
1600000US2712862,2712862,"Comstock city, Minnesota",59,22
1600000US2712952,2712952,"Conger city, Minnesota",70,17
1600000US2713006,2713006,"Cook city, Minnesota",338,45
1600000US2713114,2713114,"Coon Rapids city, Minnesota",24406,381
1600000US2713168,2713168,"Corcoran city, Minnesota",1881,128
1600000US2713384,2713384,"Correll city, Minnesota",33,13
1600000US2713420,2713420,"Cosmos city, Minnesota",325,47
1600000US2713456,2713456,"Cottage Grove city, Minnesota",12456,324
1600000US2713564,2713564,"Cottonwood city, Minnesota",474,47
1600000US2713582,2713582,"Courtland city, Minnesota",264,31
1600000US2713780,2713780,"Cromwell city, Minnesota",138,29
1600000US2713870,2713870,"Crookston city, Minnesota",3275,232
1600000US2713924,2713924,"Crosby city, Minnesota",1283,107
1600000US2713978,2713978,"Crosslake city, Minnesota",2885,138
1600000US2714158,2714158,"Crystal city, Minnesota",9591,293
1600000US2714320,2714320,"Currie city, Minnesota",113,21
1600000US2714428,2714428,"Cuyuna city, Minnesota",132,25
1600000US2714446,2714446,"Cyrus city, Minnesota",170,27
1600000US2714518,2714518,"Dakota city, Minnesota",163,28
1600000US2714626,2714626,"Dalton city, Minnesota",140,30
1600000US2714716,2714716,"Danube city, Minnesota",227,49
1600000US2714734,2714734,"Danvers city, Minnesota",45,12
1600000US2714770,2714770,"Darfur city, Minnesota",78,24
1600000US2714842,2714842,"Darwin city, Minnesota",202,44
1600000US2714878,2714878,"Dassel city, Minnesota",618,66
1600000US2714968,2714968,"Dawson city, Minnesota",785,57
1600000US2715022,2715022,"Dayton city, Minnesota",1710,75
1600000US2715148,2715148,"Deephaven city, Minnesota",1362,94
1600000US2715184,2715184,"Deer Creek city, Minnesota",140,26
1600000US2715310,2715310,"Deer River city, Minnesota",454,63
1600000US2715346,2715346,"Deerwood city, Minnesota",304,57
1600000US2715418,2715418,"De Graff city, Minnesota",61,19
1600000US2715454,2715454,"Delano city, Minnesota",1980,124
1600000US2715472,2715472,"Delavan city, Minnesota",103,23
1600000US2715544,2715544,"Delhi city, Minnesota",40,15
1600000US2715616,2715616,"Dellwood city, Minnesota",437,45
1600000US2715670,2715670,"Denham city, Minnesota",37,22
1600000US2715706,2715706,"Dennison city, Minnesota",60,21
1600000US2715724,2715724,"Dent city, Minnesota",105,21
1600000US2715832,2715832,"Detroit Lakes city, Minnesota",4676,173
1600000US2715886,2715886,"Dexter city, Minnesota",148,26
1600000US2715976,2715976,"Dilworth city, Minnesota",1655,142
1600000US2715994,2715994,"Dodge Center city, Minnesota",977,65
1600000US2716030,2716030,"Donaldson city, Minnesota",18,12
1600000US2716084,2716084,"Donnelly city, Minnesota",128,23
1600000US2716156,2716156,"Doran city, Minnesota",15,8
1600000US2716264,2716264,"Dover city, Minnesota",311,38
1600000US2716300,2716300,"Dovray city, Minnesota",42,15
1600000US2717000,2717000,"Duluth city, Minnesota",37873,532
1600000US2717090,2717090,"Dumont city, Minnesota",37,15
1600000US2717126,2717126,"Dundas city, Minnesota",607,75
1600000US2717144,2717144,"Dundee city, Minnesota",63,17
1600000US2717180,2717180,"Dunnell city, Minnesota",79,19
1600000US2717288,2717288,"Eagan city, Minnesota",26319,427
1600000US2717342,2717342,"Eagle Bend city, Minnesota",262,40
1600000US2717378,2717378,"Eagle Lake city, Minnesota",866,58
1600000US2717486,2717486,"East Bethel city, Minnesota",4321,210
1600000US2717612,2717612,"East Grand Forks city, Minnesota",3612,159
1600000US2717630,2717630,"East Gull Lake city, Minnesota",890,88
1600000US2717738,2717738,"Easton city, Minnesota",103,20
1600000US2717882,2717882,"Ebro CDP, Minnesota",35,14
1600000US2717900,2717900,"Echo city, Minnesota",137,26
1600000US2718116,2718116,"Eden Prairie city, Minnesota",24918,511
1600000US2718134,2718134,"Eden Valley city, Minnesota",453,55
1600000US2718152,2718152,"Edgerton city, Minnesota",547,40
1600000US2718188,2718188,"Edina city, Minnesota",22250,345
1600000US2718260,2718260,"Effie city, Minnesota",90,37
1600000US2718368,2718368,"Eitzen city, Minnesota",124,26
1600000US2718386,2718386,"Elba city, Minnesota",59,12
1600000US2718440,2718440,"Elbow Lake CDP, Minnesota",76,12
1600000US2718458,2718458,"Elbow Lake city, Minnesota",701,53
1600000US2718530,2718530,"Elgin city, Minnesota",463,53
1600000US2718566,2718566,"Elizabeth city, Minnesota",133,46
1600000US2718662,2718662,"Elko New Market city, Minnesota",1422,111
1600000US2718674,2718674,"Elk River city, Minnesota",8415,263
1600000US2718728,2718728,"Elkton city, Minnesota",66,17
1600000US2718746,2718746,"Ellendale city, Minnesota",317,43
1600000US2718836,2718836,"Ellsworth city, Minnesota",214,29
1600000US2718872,2718872,"Elmdale city, Minnesota",36,10
1600000US2718998,2718998,"Elmore city, Minnesota",322,31
1600000US2719088,2719088,"Elrosa city, Minnesota",65,13
1600000US2719142,2719142,"Ely city, Minnesota",2008,142
1600000US2719160,2719160,"Elysian city, Minnesota",363,52
1600000US2719286,2719286,"Emily city, Minnesota",1057,71
1600000US2719340,2719340,"Emmons city, Minnesota",188,30
1600000US2719556,2719556,"Erhard city, Minnesota",58,16
1600000US2719700,2719700,"Erskine city, Minnesota",255,45
1600000US2719718,2719718,"Esko CDP, Minnesota",683,84
1600000US2719880,2719880,"Evan city, Minnesota",23,12
1600000US2719898,2719898,"Evansville city, Minnesota",338,54
1600000US2719934,2719934,"Eveleth city, Minnesota",2025,155
1600000US2720078,2720078,"Excelsior city, Minnesota",1189,84
1600000US2720114,2720114,"Eyota city, Minnesota",838,81
1600000US2720222,2720222,"Fairfax city, Minnesota",519,51
1600000US2720276,2720276,"Fairhaven CDP, Minnesota",153,29
1600000US2720330,2720330,"Fairmont city, Minnesota",5335,146
1600000US2720420,2720420,"Falcon Heights city, Minnesota",2196,176
1600000US2720546,2720546,"Faribault city, Minnesota",8764,388
1600000US2720618,2720618,"Farmington city, Minnesota",7537,193
1600000US2720690,2720690,"Farwell city, Minnesota",34,11
1600000US2720798,2720798,"Federal Dam city, Minnesota",136,31
1600000US2720834,2720834,"Felton city, Minnesota",92,24
1600000US2720906,2720906,"Fergus Falls city, Minnesota",6098,219
1600000US2720978,2720978,"Fertile city, Minnesota",421,42
1600000US2721032,2721032,"Fifty Lakes city, Minnesota",572,66
1600000US2721104,2721104,"Finland CDP, Minnesota",169,38
1600000US2721122,2721122,"Finlayson city, Minnesota",126,26
1600000US2721158,2721158,"Fisher city, Minnesota",198,31
1600000US2721190,2721190,"Fish Lake CDP, Minnesota",61,15
1600000US2721266,2721266,"Flensburg city, Minnesota",78,17
1600000US2721338,2721338,"Floodwood city, Minnesota",291,35
1600000US2721410,2721410,"Florence city, Minnesota",19,8
1600000US2721536,2721536,"Foley city, Minnesota",972,93
1600000US2721608,2721608,"Forada city, Minnesota",120,25
1600000US2721770,2721770,"Forest Lake city, Minnesota",7426,293
1600000US2721824,2721824,"Foreston city, Minnesota",196,31
1600000US2721932,2721932,"Fort Ripley city, Minnesota",45,20
1600000US2721986,2721986,"Fosston city, Minnesota",850,60
1600000US2722094,2722094,"Fountain city, Minnesota",177,31
1600000US2722202,2722202,"Foxhome city, Minnesota",68,16
1600000US2722364,2722364,"Franklin city, Minnesota",268,39
1600000US2722472,2722472,"Frazee city, Minnesota",585,69
1600000US2722526,2722526,"Freeborn city, Minnesota",133,23
1600000US2722652,2722652,"Freeport city, Minnesota",246,29
1600000US2722814,2722814,"Fridley city, Minnesota",11673,283
1600000US2722904,2722904,"Frontenac CDP, Minnesota",124,35
1600000US2722940,2722940,"Frost city, Minnesota",152,33
1600000US2722958,2722958,"Fulda city, Minnesota",637,51
1600000US2722976,2722976,"Funkley city, Minnesota",4,6
1600000US2723084,2723084,"Garden City CDP, Minnesota",156,39
1600000US2723120,2723120,"Garfield city, Minnesota",122,24
1600000US2723192,2723192,"Garrison city, Minnesota",231,38
1600000US2723228,2723228,"Garvin city, Minnesota",51,22
1600000US2723246,2723246,"Gary city, Minnesota",88,21
1600000US2723300,2723300,"Gaylord city, Minnesota",1019,64
1600000US2723318,2723318,"Gem Lake city, Minnesota",152,33
1600000US2723354,2723354,"Geneva city, Minnesota",193,34
1600000US2723444,2723444,"Genola city, Minnesota",34,12
1600000US2723498,2723498,"Georgetown city, Minnesota",77,22
1600000US2723660,2723660,"Ghent city, Minnesota",139,20
1600000US2723678,2723678,"Gibbon city, Minnesota",354,39
1600000US2723714,2723714,"Gilbert city, Minnesota",965,51
1600000US2723804,2723804,"Gilman city, Minnesota",90,23
1600000US2723948,2723948,"Glencoe city, Minnesota",2284,166
1600000US2724056,2724056,"Glenville city, Minnesota",299,33
1600000US2724074,2724074,"Glenwood city, Minnesota",1402,84
1600000US2724182,2724182,"Glyndon city, Minnesota",539,64
1600000US2724308,2724308,"Golden Valley city, Minnesota",9124,288
1600000US2724344,2724344,"Gonvick city, Minnesota",147,21
1600000US2724398,2724398,"Goodhue city, Minnesota",384,44
1600000US2724470,2724470,"Goodridge city, Minnesota",65,16
1600000US2724506,2724506,"Good Thunder city, Minnesota",243,34
1600000US2724524,2724524,"Goodview city, Minnesota",1911,136
1600000US2724758,2724758,"Graceville city, Minnesota",304,34
1600000US2724884,2724884,"Granada city, Minnesota",155,38
1600000US2724992,2724992,"Grand Marais city, Minnesota",732,144
1600000US2725010,2725010,"Grand Meadow city, Minnesota",469,45
1600000US2725118,2725118,"Grand Rapids city, Minnesota",5068,219
1600000US2725280,2725280,"Granite Falls city, Minnesota",1440,88
1600000US2725334,2725334,"Grant city, Minnesota",1482,107
1600000US2725424,2725424,"Grasston city, Minnesota",58,17
1600000US2725604,2725604,"Greenbush city, Minnesota",345,38
1600000US2725622,2725622,"Greenfield city, Minnesota",1006,64
1600000US2725658,2725658,"Green Isle city, Minnesota",212,32
1600000US2725874,2725874,"Greenwald city, Minnesota",107,25
1600000US2725918,2725918,"Greenwood city, Minnesota",366,45
1600000US2726000,2726000,"Grey Eagle city, Minnesota",207,33
1600000US2726126,2726126,"Grove City city, Minnesota",265,34
1600000US2726216,2726216,"Grygla city, Minnesota",141,23
1600000US2726270,2726270,"Gully city, Minnesota",59,18
1600000US2726378,2726378,"Hackensack city, Minnesota",284,63
1600000US2726450,2726450,"Hadley city, Minnesota",39,15
1600000US2726576,2726576,"Hallock city, Minnesota",525,47
1600000US2726612,2726612,"Halma city, Minnesota",35,12
1600000US2726630,2726630,"Halstad city, Minnesota",265,38
1600000US2726666,2726666,"Hamburg city, Minnesota",249,47
1600000US2726738,2726738,"Ham Lake city, Minnesota",5497,163
1600000US2726828,2726828,"Hammond city, Minnesota",56,24
1600000US2726864,2726864,"Hampton city, Minnesota",304,36
1600000US2726936,2726936,"Hancock city, Minnesota",328,43
1600000US2726972,2726972,"Hanley Falls city, Minnesota",107,27
1600000US2726990,2726990,"Hanover city, Minnesota",973,97
1600000US2727008,2727008,"Hanska city, Minnesota",196,26
1600000US2727098,2727098,"Harding city, Minnesota",46,17
1600000US2727116,2727116,"Hardwick city, Minnesota",77,20
1600000US2727188,2727188,"Harmony city, Minnesota",540,49
1600000US2727278,2727278,"Harris city, Minnesota",411,46
1600000US2727404,2727404,"Hartland city, Minnesota",133,23
1600000US2727530,2727530,"Hastings city, Minnesota",9296,254
1600000US2727566,2727566,"Hatfield city, Minnesota",22,12
1600000US2727746,2727746,"Hawley city, Minnesota",917,78
1600000US2727872,2727872,"Hayfield city, Minnesota",575,62
1600000US2727944,2727944,"Hayward city, Minnesota",98,20
1600000US2728016,2728016,"Hazel Run city, Minnesota",15,8
1600000US2728124,2728124,"Hector city, Minnesota",550,45
1600000US2728214,2728214,"Heidelberg city, Minnesota",44,17
1600000US2728394,2728394,"Henderson city, Minnesota",365,41
1600000US2728430,2728430,"Hendricks city, Minnesota",330,38
1600000US2728484,2728484,"Hendrum city, Minnesota",139,23
1600000US2728520,2728520,"Henning city, Minnesota",455,50
1600000US2728574,2728574,"Henriette city, Minnesota",23,10
1600000US2728646,2728646,"Herman city, Minnesota",231,34
1600000US2728682,2728682,"Hermantown city, Minnesota",3729,168
1600000US2728700,2728700,"Heron Lake city, Minnesota",347,33
1600000US2728754,2728754,"Hewitt city, Minnesota",126,24
1600000US2728790,2728790,"Hibbing city, Minnesota",8395,300
1600000US2729096,2729096,"Hill City city, Minnesota",490,65
1600000US2729150,2729150,"Hillman city, Minnesota",17,11
1600000US2729204,2729204,"Hills city, Minnesota",275,34
1600000US2729258,2729258,"Hilltop city, Minnesota",403,58
1600000US2729294,2729294,"Hinckley city, Minnesota",883,89
1600000US2729402,2729402,"Hitterdal city, Minnesota",129,25
1600000US2729474,2729474,"Hoffman city, Minnesota",317,40
1600000US2729510,2729510,"Hokah city, Minnesota",287,47
1600000US2729582,2729582,"Holdingford city, Minnesota",342,41
1600000US2729618,2729618,"Holland city, Minnesota",125,22
1600000US2729636,2729636,"Hollandale city, Minnesota",138,23
1600000US2729672,2729672,"Holloway city, Minnesota",72,21
1600000US2729870,2729870,"Holt city, Minnesota",36,11
1600000US2730014,2730014,"Homer CDP, Minnesota",59,25
1600000US2730140,2730140,"Hopkins city, Minnesota",8396,343
1600000US2730230,2730230,"Houston city, Minnesota",473,47
1600000US2730284,2730284,"Howard Lake city, Minnesota",921,68
1600000US2730302,2730302,"Hoyt Lakes city, Minnesota",1039,61
1600000US2730392,2730392,"Hugo city, Minnesota",5212,213
1600000US2730446,2730446,"Humboldt city, Minnesota",25,13
1600000US2730644,2730644,"Hutchinson city, Minnesota",6341,238
1600000US2730806,2730806,"Ihlen city, Minnesota",29,9
1600000US2730842,2730842,"Independence city, Minnesota",1290,97
1600000US2730950,2730950,"Inger CDP, Minnesota",71,31
1600000US2731040,2731040,"International Falls city, Minnesota",3293,159
1600000US2731076,2731076,"Inver Grove Heights city, Minnesota",13792,317
1600000US2731094,2731094,"Iona city, Minnesota",77,17
1600000US2731238,2731238,"Iron Junction city, Minnesota",42,17
1600000US2731274,2731274,"Ironton city, Minnesota",316,55
1600000US2731328,2731328,"Isanti city, Minnesota",2304,176
1600000US2731472,2731472,"Isle city, Minnesota",551,51
1600000US2731526,2731526,"Ivanhoe city, Minnesota",310,43
1600000US2731562,2731562,"Jackson city, Minnesota",1603,81
1600000US2731706,2731706,"Janesville city, Minnesota",887,70
1600000US2731760,2731760,"Jasper city, Minnesota",327,37
1600000US2731796,2731796,"Jeffers city, Minnesota",193,29
1600000US2731832,2731832,"Jenkins city, Minnesota",174,38
1600000US2732012,2732012,"Johnson city, Minnesota",5,7
1600000US2732174,2732174,"Jordan city, Minnesota",2163,151
1600000US2732372,2732372,"Kandiyohi city, Minnesota",219,48
1600000US2732444,2732444,"Karlstad city, Minnesota",403,39
1600000US2732462,2732462,"Kasota city, Minnesota",325,37
1600000US2732498,2732498,"Kasson city, Minnesota",2432,126
1600000US2732570,2732570,"Keewatin city, Minnesota",537,59
1600000US2732606,2732606,"Kelliher city, Minnesota",143,25
1600000US2732642,2732642,"Kellogg city, Minnesota",194,33
1600000US2732732,2732732,"Kennedy city, Minnesota",108,21
1600000US2732750,2732750,"Kenneth city, Minnesota",27,13
1600000US2732768,2732768,"Kensington city, Minnesota",170,34
1600000US2732786,2732786,"Kent city, Minnesota",37,15
1600000US2732840,2732840,"Kenyon city, Minnesota",889,66
1600000US2732876,2732876,"Kerkhoven city, Minnesota",348,49
1600000US2732912,2732912,"Kerrick city, Minnesota",55,17
1600000US2732966,2732966,"Kettle River city, Minnesota",96,24
1600000US2733056,2733056,"Kiester city, Minnesota",284,44
1600000US2733110,2733110,"Kilkenny city, Minnesota",145,64
1600000US2733164,2733164,"Kimball city, Minnesota",353,43
1600000US2733236,2733236,"Kinbrae city, Minnesota",13,12
1600000US2733344,2733344,"Kingston city, Minnesota",64,17
1600000US2733416,2733416,"Kinney city, Minnesota",96,22
1600000US2733866,2733866,"La Crescent city, Minnesota",2159,107
1600000US2733920,2733920,"Lafayette city, Minnesota",259,32
1600000US2734100,2734100,"Lake Benton city, Minnesota",429,34
1600000US2734136,2734136,"Lake Bronson city, Minnesota",149,22
1600000US2734172,2734172,"Lake City city, Minnesota",2563,125
1600000US2734190,2734190,"Lake Crystal city, Minnesota",1103,96
1600000US2734244,2734244,"Lake Elmo city, Minnesota",2911,117
1600000US2734316,2734316,"Lakefield city, Minnesota",799,76
1600000US2734370,2734370,"Lake George CDP, Minnesota",182,37
1600000US2734478,2734478,"Lake Henry city, Minnesota",35,19
1600000US2734622,2734622,"Lakeland city, Minnesota",739,47
1600000US2734658,2734658,"Lakeland Shores city, Minnesota",134,20
1600000US2734676,2734676,"Lake Lillian city, Minnesota",118,23
1600000US2734784,2734784,"Lake Park city, Minnesota",380,46
1600000US2734865,2734865,"Lake St. Croix Beach city, Minnesota",507,53
1600000US2734928,2734928,"Lake Shore city, Minnesota",1199,89
1600000US2735180,2735180,"Lakeville city, Minnesota",19393,357
1600000US2735198,2735198,"Lake Wilson city, Minnesota",143,22
1600000US2735288,2735288,"Lamberton city, Minnesota",423,37
1600000US2735378,2735378,"Lancaster city, Minnesota",212,30
1600000US2735414,2735414,"Landfall city, Minnesota",324,71
1600000US2735450,2735450,"Lanesboro city, Minnesota",462,47
1600000US2735558,2735558,"Lansing CDP, Minnesota",82,22
1600000US2735612,2735612,"Laporte city, Minnesota",107,30
1600000US2735648,2735648,"La Prairie city, Minnesota",310,62
1600000US2735702,2735702,"La Salle city, Minnesota",39,18
1600000US2735720,2735720,"Lastrup city, Minnesota",64,16
1600000US2735738,2735738,"Lauderdale city, Minnesota",1126,110
1600000US2736134,2736134,"Le Center city, Minnesota",954,77
1600000US2736404,2736404,"Lengby city, Minnesota",58,18
1600000US2736494,2736494,"Leonard city, Minnesota",16,12
1600000US2736530,2736530,"Leonidas city, Minnesota",42,13
1600000US2736548,2736548,"Leota CDP, Minnesota",83,21
1600000US2736620,2736620,"Le Roy city, Minnesota",460,56
1600000US2736728,2736728,"Lester Prairie city, Minnesota",694,68
1600000US2736746,2736746,"Le Sueur city, Minnesota",1892,106
1600000US2736800,2736800,"Lewiston city, Minnesota",619,52
1600000US2736818,2736818,"Lewisville city, Minnesota",100,16
1600000US2736836,2736836,"Lexington city, Minnesota",848,71
1600000US2737016,2737016,"Lilydale city, Minnesota",442,44
1600000US2737304,2737304,"Lindstrom city, Minnesota",2111,217
1600000US2737322,2737322,"Lino Lakes city, Minnesota",6464,209
1600000US2737412,2737412,"Lismore city, Minnesota",106,19
1600000US2737448,2737448,"Litchfield city, Minnesota",2965,104
1600000US2737502,2737502,"Little Canada city, Minnesota",4694,271
1600000US2737556,2737556,"Little Falls city, Minnesota",4011,193
1600000US2737592,2737592,"Littlefork city, Minnesota",333,70
1600000US2737656,2737656,"Little Rock CDP, Minnesota",420,84
1600000US2737970,2737970,"Long Beach city, Minnesota",258,41
1600000US2738006,2738006,"Long Lake city, Minnesota",795,43
1600000US2738060,2738060,"Long Prairie city, Minnesota",1420,144
1600000US2738114,2738114,"Longville city, Minnesota",124,29
1600000US2738150,2738150,"Lonsdale city, Minnesota",1404,98
1600000US2738222,2738222,"Loretto city, Minnesota",280,39
1600000US2738258,2738258,"Louisburg city, Minnesota",31,14
1600000US2738366,2738366,"Lowry city, Minnesota",117,24
1600000US2738420,2738420,"Lucan city, Minnesota",81,22
1600000US2738546,2738546,"Lutsen CDP, Minnesota",377,99
1600000US2738564,2738564,"Luverne city, Minnesota",2299,84
1600000US2738654,2738654,"Lyle city, Minnesota",223,39
1600000US2738708,2738708,"Lynd city, Minnesota",198,26
1600000US2738888,2738888,"Mabel city, Minnesota",408,51
1600000US2738996,2738996,"McGrath city, Minnesota",54,17
1600000US2739014,2739014,"McGregor city, Minnesota",267,44
1600000US2739050,2739050,"McIntosh city, Minnesota",252,38
1600000US2739140,2739140,"McKinley city, Minnesota",44,15
1600000US2739230,2739230,"Madelia city, Minnesota",1027,72
1600000US2739266,2739266,"Madison city, Minnesota",893,43
1600000US2739320,2739320,"Madison Lake city, Minnesota",484,50
1600000US2739338,2739338,"Magnolia city, Minnesota",106,26
1600000US2739392,2739392,"Mahnomen city, Minnesota",629,55
1600000US2739394,2739394,"Mahnomen CDP, Minnesota",99,31
1600000US2739428,2739428,"Mahtomedi city, Minnesota",2823,145
1600000US2739446,2739446,"Mahtowa CDP, Minnesota",157,28
1600000US2739716,2739716,"Manchester city, Minnesota",24,10
1600000US2739806,2739806,"Manhattan Beach city, Minnesota",70,23
1600000US2739878,2739878,"Mankato city, Minnesota",16283,241
1600000US2739986,2739986,"Mantorville city, Minnesota",464,62
1600000US2740166,2740166,"Maple Grove city, Minnesota",24647,394
1600000US2740220,2740220,"Maple Lake city, Minnesota",866,82
1600000US2740256,2740256,"Maple Plain city, Minnesota",761,74
1600000US2740310,2740310,"Mapleton city, Minnesota",675,54
1600000US2740346,2740346,"Mapleview city, Minnesota",101,22
1600000US2740382,2740382,"Maplewood city, Minnesota",15934,376
1600000US2740418,2740418,"Marble city, Minnesota",322,54
1600000US2740526,2740526,"Marietta city, Minnesota",117,35
1600000US2740562,2740562,"Marine on St. Croix city, Minnesota",340,41
1600000US2740688,2740688,"Marshall city, Minnesota",5707,160
1600000US2740814,2740814,"Martin Lake CDP, Minnesota",363,68
1600000US2741138,2741138,"Mayer city, Minnesota",591,51
1600000US2741210,2741210,"Maynard city, Minnesota",178,39
1600000US2741282,2741282,"Mazeppa city, Minnesota",350,51
1600000US2741372,2741372,"Meadowlands city, Minnesota",68,19
1600000US2741426,2741426,"Medford city, Minnesota",476,50
1600000US2741462,2741462,"Medicine Lake city, Minnesota",187,37
1600000US2741480,2741480,"Medina city, Minnesota",1651,87
1600000US2741534,2741534,"Meire Grove city, Minnesota",87,24
1600000US2741570,2741570,"Melrose city, Minnesota",1307,109
1600000US2741660,2741660,"Menahga city, Minnesota",662,74
1600000US2741678,2741678,"Mendota city, Minnesota",88,20
1600000US2741696,2741696,"Mendota Heights city, Minnesota",4758,143
1600000US2741714,2741714,"Mentor city, Minnesota",113,23
1600000US2741804,2741804,"Merrifield CDP, Minnesota",77,35
1600000US2741912,2741912,"Middle River city, Minnesota",161,23
1600000US2742010,2742010,"Midway CDP, Minnesota",7,4
1600000US2742092,2742092,"Miesville city, Minnesota",75,24
1600000US2742110,2742110,"Milaca city, Minnesota",1320,133
1600000US2742146,2742146,"Milan city, Minnesota",194,26
1600000US2742254,2742254,"Millerville city, Minnesota",78,46
1600000US2742290,2742290,"Millville city, Minnesota",75,24
1600000US2742362,2742362,"Milroy city, Minnesota",116,23
1600000US2742398,2742398,"Miltona city, Minnesota",158,33
1600000US2743000,2743000,"Minneapolis city, Minnesota",179731,1116
1600000US2743036,2743036,"Minneiska city, Minnesota",46,10
1600000US2743126,2743126,"Minneota city, Minnesota",665,49
1600000US2743144,2743144,"Minnesota City city, Minnesota",72,18
1600000US2743198,2743198,"Minnesota Lake city, Minnesota",336,34
1600000US2743252,2743252,"Minnetonka city, Minnesota",23343,436
1600000US2743270,2743270,"Minnetonka Beach city, Minnesota",266,37
1600000US2743306,2743306,"Minnetrista city, Minnesota",2399,144
1600000US2743540,2743540,"Mizpah city, Minnesota",61,20
1600000US2743720,2743720,"Montevideo city, Minnesota",2523,122
1600000US2743738,2743738,"Montgomery city, Minnesota",1194,99
1600000US2743774,2743774,"Monticello city, Minnesota",5004,208
1600000US2743810,2743810,"Montrose city, Minnesota",1055,184
1600000US2743864,2743864,"Moorhead city, Minnesota",15426,263
1600000US2743954,2743954,"Moose Lake city, Minnesota",902,221
1600000US2744044,2744044,"Mora city, Minnesota",1792,112
1600000US2744116,2744116,"Morgan city, Minnesota",450,44
1600000US2744242,2744242,"Morris city, Minnesota",2294,107
1600000US2744296,2744296,"Morristown city, Minnesota",395,45
1600000US2744368,2744368,"Morton city, Minnesota",156,34
1600000US2744422,2744422,"Motley city, Minnesota",299,53
1600000US2744476,2744476,"Mound city, Minnesota",4257,161
1600000US2744530,2744530,"Mounds View city, Minnesota",5144,167
1600000US2744548,2744548,"Mountain Iron city, Minnesota",1465,131
1600000US2744566,2744566,"Mountain Lake city, Minnesota",994,81
1600000US2744818,2744818,"Murdock city, Minnesota",154,33
1600000US2744890,2744890,"Myrtle city, Minnesota",26,16
1600000US2744944,2744944,"Nashua city, Minnesota",30,11
1600000US2744980,2744980,"Nashwauk city, Minnesota",542,74
1600000US2745016,2745016,"Nassau city, Minnesota",47,11
1600000US2745052,2745052,"Naytahwaush CDP, Minnesota",159,24
1600000US2745106,2745106,"Nelson city, Minnesota",109,28
1600000US2745196,2745196,"Nerstrand city, Minnesota",103,23
1600000US2745268,2745268,"Nett Lake CDP, Minnesota",115,34
1600000US2745340,2745340,"Nevis city, Minnesota",264,61
1600000US2745376,2745376,"New Auburn city, Minnesota",208,38
1600000US2745430,2745430,"New Brighton city, Minnesota",9377,303
1600000US2745520,2745520,"Newfolden city, Minnesota",203,30
1600000US2745556,2745556,"New Germany city, Minnesota",170,30
1600000US2745628,2745628,"New Hope city, Minnesota",8895,345
1600000US2745682,2745682,"New London city, Minnesota",644,67
1600000US2745772,2745772,"New Munich city, Minnesota",150,24
1600000US2745790,2745790,"Newport city, Minnesota",1524,112
1600000US2745808,2745808,"New Prague city, Minnesota",2950,177
1600000US2745862,2745862,"New Richland city, Minnesota",461,34
1600000US2746024,2746024,"New Trier city, Minnesota",49,11
1600000US2746042,2746042,"New Ulm city, Minnesota",6035,145
1600000US2746060,2746060,"New York Mills city, Minnesota",725,73
1600000US2746150,2746150,"Nicollet city, Minnesota",503,64
1600000US2746258,2746258,"Nielsville city, Minnesota",77,19
1600000US2746294,2746294,"Nimrod city, Minnesota",57,16
1600000US2746348,2746348,"Nisswa city, Minnesota",1608,124
1600000US2746492,2746492,"Norcross city, Minnesota",38,10
1600000US2746798,2746798,"North Branch city, Minnesota",3694,179
1600000US2746924,2746924,"Northfield city, Minnesota",6887,282
1600000US2747068,2747068,"North Mankato city, Minnesota",5890,171
1600000US2747104,2747104,"North Oaks city, Minnesota",1778,167
1600000US2747122,2747122,"Northome city, Minnesota",102,29
1600000US2747212,2747212,"Northrop city, Minnesota",114,26
1600000US2747221,2747221,"North St. Paul city, Minnesota",4781,214
1600000US2747520,2747520,"Norwood Young America city, Minnesota",1381,142
1600000US2747536,2747536,"Nowthen city, Minnesota",1536,79
1600000US2747680,2747680,"Oakdale city, Minnesota",10896,320
1600000US2747690,2747690,"Oak Grove city, Minnesota",2767,215
1600000US2747914,2747914,"Oak Park Heights city, Minnesota",2119,170
1600000US2747923,2747923,"Oakport CDP, Minnesota",478,46
1600000US2748058,2748058,"Odessa city, Minnesota",85,23
1600000US2748094,2748094,"Odin city, Minnesota",64,18
1600000US2748130,2748130,"Ogema city, Minnesota",75,19
1600000US2748166,2748166,"Ogilvie city, Minnesota",207,38
1600000US2748184,2748184,"Okabena city, Minnesota",79,14
1600000US2748202,2748202,"Oklee city, Minnesota",210,30
1600000US2748256,2748256,"Olivia city, Minnesota",1167,60
1600000US2748310,2748310,"Onamia city, Minnesota",432,54
1600000US2748562,2748562,"Ormsby city, Minnesota",93,43
1600000US2748580,2748580,"Orono city, Minnesota",3299,149
1600000US2748598,2748598,"Oronoco city, Minnesota",437,49
1600000US2748634,2748634,"Orr city, Minnesota",178,27
1600000US2748706,2748706,"Ortonville city, Minnesota",1097,48
1600000US2748760,2748760,"Osage CDP, Minnesota",192,33
1600000US2748796,2748796,"Osakis city, Minnesota",947,72
1600000US2748976,2748976,"Oslo city, Minnesota",110,28
1600000US2749012,2749012,"Osseo city, Minnesota",1266,51
1600000US2749030,2749030,"Ostrander city, Minnesota",124,24
1600000US2749138,2749138,"Otsego city, Minnesota",5082,209
1600000US2749210,2749210,"Ottertail city, Minnesota",400,48
1600000US2749300,2749300,"Owatonna city, Minnesota",10786,136
1600000US2749498,2749498,"Palisade city, Minnesota",100,22
1600000US2749732,2749732,"Parkers Prairie city, Minnesota",505,61
1600000US2749768,2749768,"Park Rapids city, Minnesota",2060,135
1600000US2749966,2749966,"Paynesville city, Minnesota",1188,81
1600000US2750056,2750056,"Pease city, Minnesota",75,26
1600000US2750164,2750164,"Pelican Rapids city, Minnesota",1085,88
1600000US2750200,2750200,"Pemberton city, Minnesota",107,23
1600000US2750344,2750344,"Pennock city, Minnesota",214,35
1600000US2750416,2750416,"Pequot Lakes city, Minnesota",1455,133
1600000US2750470,2750470,"Perham city, Minnesota",1469,122
1600000US2750506,2750506,"Perley city, Minnesota",65,18
1600000US2750596,2750596,"Peterson city, Minnesota",115,21
1600000US2750776,2750776,"Pierz city, Minnesota",591,45
1600000US2750902,2750902,"Pillager city, Minnesota",212,38
1600000US2751028,2751028,"Pine Bend CDP, Minnesota",4,4
1600000US2751064,2751064,"Pine City city, Minnesota",1619,163
1600000US2751136,2751136,"Pine Island city, Minnesota",1613,137
1600000US2751234,2751234,"Pine Point CDP, Minnesota",94,18
1600000US2751280,2751280,"Pine River city, Minnesota",501,76
1600000US2751316,2751316,"Pine Springs city, Minnesota",153,26
1600000US2751388,2751388,"Pipestone city, Minnesota",2128,98
1600000US2751424,2751424,"Plainview city, Minnesota",1338,95
1600000US2751460,2751460,"Plato city, Minnesota",154,27
1600000US2751712,2751712,"Plummer city, Minnesota",175,25
1600000US2751730,2751730,"Plymouth city, Minnesota",30669,457
1600000US2751892,2751892,"Ponemah CDP, Minnesota",124,34
1600000US2752144,2752144,"Porter city, Minnesota",91,22
1600000US2752450,2752450,"Preston city, Minnesota",650,53
1600000US2752522,2752522,"Princeton city, Minnesota",2257,183
1600000US2752558,2752558,"Prinsburg city, Minnesota",220,27
1600000US2752594,2752594,"Prior Lake city, Minnesota",8934,274
1600000US2752630,2752630,"Proctor city, Minnesota",1351,78
1600000US2752756,2752756,"Quamba city, Minnesota",45,12
1600000US2752882,2752882,"Racine city, Minnesota",172,34
1600000US2753026,2753026,"Ramsey city, Minnesota",8495,225
1600000US2753080,2753080,"Randall city, Minnesota",264,36
1600000US2753098,2753098,"Randolph city, Minnesota",177,32
1600000US2753134,2753134,"Ranier city, Minnesota",365,96
1600000US2753296,2753296,"Raymond city, Minnesota",319,37
1600000US2753386,2753386,"Redby CDP, Minnesota",371,91
1600000US2753458,2753458,"Red Lake CDP, Minnesota",430,87
1600000US2753476,2753476,"Red Lake Falls city, Minnesota",670,31
1600000US2753620,2753620,"Red Wing city, Minnesota",7487,258
1600000US2753656,2753656,"Redwood Falls city, Minnesota",2543,131
1600000US2753710,2753710,"Regal city, Minnesota",26,9
1600000US2753782,2753782,"Remer city, Minnesota",226,37
1600000US2753890,2753890,"Renville city, Minnesota",660,47
1600000US2753908,2753908,"Revere city, Minnesota",48,17
1600000US2753998,2753998,"Rice city, Minnesota",515,55
1600000US2754056,2754056,"Rice Lake CDP, Minnesota",87,19
1600000US2754214,2754214,"Richfield city, Minnesota",15540,451
1600000US2754268,2754268,"Richmond city, Minnesota",676,66
1600000US2754340,2754340,"Richville city, Minnesota",60,20
1600000US2754596,2754596,"Riverland CDP, Minnesota",47,12
1600000US2754736,2754736,"Riverton city, Minnesota",89,20
1600000US2754808,2754808,"Robbinsdale city, Minnesota",6288,241
1600000US2754880,2754880,"Rochester city, Minnesota",46005,309
1600000US2754934,2754934,"Rock Creek city, Minnesota",637,62
1600000US2755006,2755006,"Rockford city, Minnesota",1581,146
1600000US2755078,2755078,"Rockville city, Minnesota",1001,80
1600000US2755186,2755186,"Rogers city, Minnesota",3792,197
1600000US2755276,2755276,"Rollingstone city, Minnesota",244,31
1600000US2755366,2755366,"Ronneby CDP, Minnesota",20,15
1600000US2755438,2755438,"Roosevelt city, Minnesota",56,19
1600000US2755510,2755510,"Roscoe city, Minnesota",63,26
1600000US2755546,2755546,"Roseau city, Minnesota",1169,83
1600000US2755600,2755600,"Rose Creek city, Minnesota",176,33
1600000US2755726,2755726,"Rosemount city, Minnesota",7966,216
1600000US2755852,2755852,"Roseville city, Minnesota",15604,395
1600000US2756014,2756014,"Rothsay city, Minnesota",238,40
1600000US2756086,2756086,"Round Lake city, Minnesota",196,25
1600000US2756176,2756176,"Royalton city, Minnesota",468,56
1600000US2756212,2756212,"Roy Lake CDP, Minnesota",32,11
1600000US2756266,2756266,"Rush City city, Minnesota",838,106
1600000US2756284,2756284,"Rushford city, Minnesota",788,53
1600000US2756302,2756302,"Rushford Village city, Minnesota",393,42
1600000US2756338,2756338,"Rushmore city, Minnesota",148,21
1600000US2756428,2756428,"Russell city, Minnesota",189,31
1600000US2756482,2756482,"Ruthton city, Minnesota",139,32
1600000US2756518,2756518,"Rutledge city, Minnesota",188,31
1600000US2756554,2756554,"Sabin city, Minnesota",206,29
1600000US2756572,2756572,"Sacred Heart city, Minnesota",281,38
1600000US2756680,2756680,"St. Anthony city (Hennepin and Ramsey Counties), Minnesota",3939,140
1600000US2756698,2756698,"St. Anthony city (Stearns County), Minnesota",43,13
1600000US2756724,2756724,"St. Augusta city, Minnesota",1148,51
1600000US2756770,2756770,"St. Bonifacius city, Minnesota",860,86
1600000US2756788,2756788,"St. Charles city, Minnesota",1338,88
1600000US2756824,2756824,"St. Clair city, Minnesota",280,50
1600000US2756896,2756896,"St. Cloud city, Minnesota",27480,573
1600000US2756950,2756950,"St. Francis city, Minnesota",2689,131
1600000US2757022,2757022,"St. Hilaire city, Minnesota",126,32
1600000US2757040,2757040,"St. James city, Minnesota",1975,105
1600000US2757130,2757130,"St. Joseph city, Minnesota",1848,202
1600000US2757202,2757202,"St. Leo city, Minnesota",72,20
1600000US2757220,2757220,"St. Louis Park city, Minnesota",22874,447
1600000US2757238,2757238,"St. Martin city, Minnesota",127,26
1600000US2757292,2757292,"St. Marys Point city, Minnesota",172,25
1600000US2757346,2757346,"St. Michael city, Minnesota",5730,200
1600000US2758000,2758000,"St. Paul city, Minnesota",120077,898
1600000US2758018,2758018,"St. Paul Park city, Minnesota",2166,111
1600000US2758036,2758036,"St. Peter city, Minnesota",3690,249
1600000US2758072,2758072,"St. Rosa city, Minnesota",27,13
1600000US2758090,2758090,"St. Stephen city, Minnesota",296,28
1600000US2758144,2758144,"St. Vincent city, Minnesota",36,11
1600000US2758306,2758306,"Sanborn city, Minnesota",185,27
1600000US2758396,2758396,"Sandstone city, Minnesota",717,121
1600000US2758576,2758576,"Sargeant city, Minnesota",45,16
1600000US2758612,2758612,"Sartell city, Minnesota",6368,252
1600000US2758648,2758648,"Sauk Centre city, Minnesota",1905,165
1600000US2758684,2758684,"Sauk Rapids city, Minnesota",5218,195
1600000US2758738,2758738,"Savage city, Minnesota",9413,225
1600000US2758900,2758900,"Scandia city, Minnesota",1713,102
1600000US2758936,2758936,"Scanlon city, Minnesota",482,51
1600000US2759098,2759098,"Seaforth city, Minnesota",39,13
1600000US2759116,2759116,"Searles CDP, Minnesota",87,23
1600000US2759152,2759152,"Sebeka city, Minnesota",384,54
1600000US2759188,2759188,"Sedan city, Minnesota",39,17
1600000US2759314,2759314,"Shafer city, Minnesota",365,47
1600000US2759350,2759350,"Shakopee city, Minnesota",13418,296
1600000US2759566,2759566,"Shelly city, Minnesota",134,24
1600000US2759620,2759620,"Sherburn city, Minnesota",529,50
1600000US2759782,2759782,"Shevlin city, Minnesota",80,25
1600000US2759998,2759998,"Shoreview city, Minnesota",11148,230
1600000US2760016,2760016,"Shorewood city, Minnesota",2881,106
1600000US2760250,2760250,"Silver Bay city, Minnesota",1170,92
1600000US2760322,2760322,"Silver Creek CDP, Minnesota",84,25
1600000US2760376,2760376,"Silver Lake city, Minnesota",380,61
1600000US2760754,2760754,"Skyline city, Minnesota",138,24
1600000US2760808,2760808,"Slayton city, Minnesota",1083,52
1600000US2760844,2760844,"Sleepy Eye city, Minnesota",1544,94
1600000US2761006,2761006,"Sobieski city, Minnesota",90,23
1600000US2761114,2761114,"Solway city, Minnesota",37,20
1600000US2761204,2761204,"Soudan CDP, Minnesota",262,43
1600000US2761308,2761308,"South End CDP, Minnesota",23,10
1600000US2761402,2761402,"South Haven city, Minnesota",79,17
1600000US2761492,2761492,"South St. Paul city, Minnesota",9022,267
1600000US2761690,2761690,"Spicer city, Minnesota",545,54
1600000US2761816,2761816,"Springfield city, Minnesota",991,57
1600000US2761852,2761852,"Spring Grove city, Minnesota",640,49
1600000US2761888,2761888,"Spring Hill city, Minnesota",42,11
1600000US2761996,2761996,"Spring Lake Park city, Minnesota",2786,108
1600000US2762014,2762014,"Spring Park city, Minnesota",1160,82
1600000US2762104,2762104,"Spring Valley city, Minnesota",1237,62
1600000US2762284,2762284,"Squaw Lake city, Minnesota",89,22
1600000US2762320,2762320,"Stacy city, Minnesota",616,64
1600000US2762356,2762356,"Stanchfield CDP, Minnesota",46,17
1600000US2762446,2762446,"Staples city, Minnesota",1364,124
1600000US2762500,2762500,"Starbuck city, Minnesota",709,59
1600000US2762662,2762662,"Steen city, Minnesota",83,20
1600000US2762698,2762698,"Stephen city, Minnesota",347,43
1600000US2762788,2762788,"Stewart city, Minnesota",232,34
1600000US2762806,2762806,"Stewartville city, Minnesota",2486,151
1600000US2762824,2762824,"Stillwater city, Minnesota",7666,264
1600000US2762896,2762896,"Stockton city, Minnesota",281,49
1600000US2763022,2763022,"Storden city, Minnesota",123,24
1600000US2763112,2763112,"Strandquist city, Minnesota",43,11
1600000US2763130,2763130,"Strathcona city, Minnesota",30,13
1600000US2763220,2763220,"Sturgeon Lake city, Minnesota",246,36
1600000US2763454,2763454,"Sunburg city, Minnesota",53,15
1600000US2763544,2763544,"Sunfish Lake city, Minnesota",227,41
1600000US2763778,2763778,"Swanville city, Minnesota",163,30
1600000US2764048,2764048,"Taconite city, Minnesota",182,38
1600000US2764156,2764156,"Tamarack city, Minnesota",69,23
1600000US2764210,2764210,"Taopi city, Minnesota",30,14
1600000US2764264,2764264,"Taunton city, Minnesota",69,20
1600000US2764318,2764318,"Taylors Falls city, Minnesota",418,43
1600000US2764444,2764444,"Tenstrike city, Minnesota",113,22
1600000US2764543,2764543,"The Lakes CDP, Minnesota",718,44
1600000US2764547,2764547,"The Ranch CDP, Minnesota",7,9
1600000US2764570,2764570,"Thief River Falls city, Minnesota",4150,110
1600000US2764750,2764750,"Thomson city, Minnesota",68,17
1600000US2764948,2764948,"Tintah city, Minnesota",28,15
1600000US2765164,2765164,"Tonka Bay city, Minnesota",706,60
1600000US2765272,2765272,"Tower city, Minnesota",302,50
1600000US2765308,2765308,"Tracy city, Minnesota",1042,54
1600000US2765344,2765344,"Trail city, Minnesota",38,17
1600000US2765470,2765470,"Trimont city, Minnesota",326,30
1600000US2765506,2765506,"Trommald city, Minnesota",66,15
1600000US2765542,2765542,"Trosky city, Minnesota",48,15
1600000US2765668,2765668,"Truman city, Minnesota",527,49
1600000US2765794,2765794,"Turtle River city, Minnesota",37,11
1600000US2765920,2765920,"Twin Lakes city, Minnesota",103,29
1600000US2765927,2765927,"Twin Lakes CDP, Minnesota",190,21
1600000US2765938,2765938,"Twin Valley city, Minnesota",444,33
1600000US2765956,2765956,"Two Harbors city, Minnesota",1848,132
1600000US2766046,2766046,"Tyler city, Minnesota",586,44
1600000US2766136,2766136,"Ulen city, Minnesota",233,38
1600000US2766172,2766172,"Underwood city, Minnesota",179,32
1600000US2766334,2766334,"Upsala city, Minnesota",236,36
1600000US2766388,2766388,"Urbank city, Minnesota",31,12
1600000US2766424,2766424,"Utica city, Minnesota",116,27
1600000US2766460,2766460,"Vadnais Heights city, Minnesota",5478,225
1600000US2766766,2766766,"Vergas city, Minnesota",230,40
1600000US2766802,2766802,"Vermillion city, Minnesota",180,26
1600000US2766874,2766874,"Verndale city, Minnesota",267,48
1600000US2766910,2766910,"Vernon Center city, Minnesota",147,24
1600000US2766982,2766982,"Vesta city, Minnesota",159,37
1600000US2767036,2767036,"Victoria city, Minnesota",2508,122
1600000US2767090,2767090,"Viking city, Minnesota",44,14
1600000US2767144,2767144,"Villard city, Minnesota",172,31
1600000US2767180,2767180,"Vineland CDP, Minnesota",393,46
1600000US2767216,2767216,"Vining city, Minnesota",39,12
1600000US2767288,2767288,"Virginia city, Minnesota",4887,206
1600000US2767378,2767378,"Wabasha city, Minnesota",1383,88
1600000US2767396,2767396,"Wabasso city, Minnesota",307,30
1600000US2767432,2767432,"Waconia city, Minnesota",4304,145
1600000US2767504,2767504,"Wadena city, Minnesota",1988,115
1600000US2767558,2767558,"Wahkon city, Minnesota",216,38
1600000US2767612,2767612,"Waite Park city, Minnesota",3398,182
1600000US2767756,2767756,"Waldorf city, Minnesota",102,27
1600000US2767792,2767792,"Walker city, Minnesota",498,77
1600000US2767846,2767846,"Walnut Grove city, Minnesota",363,47
1600000US2767900,2767900,"Walters city, Minnesota",55,17
1600000US2767918,2767918,"Waltham city, Minnesota",67,17
1600000US2767972,2767972,"Wanamingo city, Minnesota",486,70
1600000US2768008,2768008,"Wanda city, Minnesota",40,15
1600000US2768080,2768080,"Warba city, Minnesota",76,22
1600000US2768170,2768170,"Warren city, Minnesota",783,53
1600000US2768224,2768224,"Warroad city, Minnesota",872,80
1600000US2768260,2768260,"Warsaw CDP, Minnesota",351,51
1600000US2768296,2768296,"Waseca city, Minnesota",4181,125
1600000US2768548,2768548,"Watertown city, Minnesota",1763,142
1600000US2768584,2768584,"Waterville city, Minnesota",1049,66
1600000US2768620,2768620,"Watkins city, Minnesota",416,47
1600000US2768656,2768656,"Watson city, Minnesota",101,22
1600000US2768674,2768674,"Waubun city, Minnesota",201,24
1600000US2768764,2768764,"Waverly city, Minnesota",635,74
1600000US2768818,2768818,"Wayzata city, Minnesota",2032,120
1600000US2769070,2769070,"Welcome city, Minnesota",343,39
1600000US2769106,2769106,"Wells city, Minnesota",1169,51
1600000US2769142,2769142,"Wendell city, Minnesota",76,22
1600000US2769250,2769250,"Westbrook city, Minnesota",340,36
1600000US2769304,2769304,"West Concord city, Minnesota",339,38
1600000US2769628,2769628,"Westport city, Minnesota",20,6
1600000US2769690,2769690,"West Roy Lake CDP, Minnesota",27,9
1600000US2769700,2769700,"West St. Paul city, Minnesota",9189,367
1600000US2769736,2769736,"West Union city, Minnesota",56,19
1600000US2769808,2769808,"Whalan city, Minnesota",52,18
1600000US2769844,2769844,"Wheaton city, Minnesota",878,49
1600000US2769880,2769880,"Whipholt CDP, Minnesota",90,25
1600000US2769970,2769970,"White Bear Lake city, Minnesota",10745,319
1600000US2770006,2770006,"White Earth CDP, Minnesota",238,30
1600000US2770258,2770258,"Wilder city, Minnesota",31,11
1600000US2770366,2770366,"Willernie city, Minnesota",252,55
1600000US2770402,2770402,"Williams city, Minnesota",110,29
1600000US2770420,2770420,"Willmar city, Minnesota",8403,176
1600000US2770492,2770492,"Willow River city, Minnesota",201,37
1600000US2770582,2770582,"Wilmont city, Minnesota",142,21
1600000US2770708,2770708,"Wilton city, Minnesota",99,25
1600000US2770798,2770798,"Windom city, Minnesota",2328,111
1600000US2770870,2770870,"Winger city, Minnesota",107,23
1600000US2770924,2770924,"Winnebago city, Minnesota",689,53
1600000US2771032,2771032,"Winona city, Minnesota",11255,294
1600000US2771086,2771086,"Winsted city, Minnesota",984,99
1600000US2771122,2771122,"Winthrop city, Minnesota",674,53
1600000US2771140,2771140,"Winton city, Minnesota",94,29
1600000US2771338,2771338,"Wolf Lake city, Minnesota",39,15
1600000US2771392,2771392,"Wolverton city, Minnesota",66,18
1600000US2771428,2771428,"Woodbury city, Minnesota",24048,401
1600000US2771446,2771446,"Wood Lake city, Minnesota",198,27
1600000US2771500,2771500,"Woodland city, Minnesota",179,25
1600000US2771680,2771680,"Woodstock city, Minnesota",82,24
1600000US2771734,2771734,"Worthington city, Minnesota",4729,115
1600000US2771788,2771788,"Wrenshall city, Minnesota",193,37
1600000US2771824,2771824,"Wright city, Minnesota",61,20
1600000US2771950,2771950,"Wykoff city, Minnesota",206,38
1600000US2772022,2772022,"Wyoming city, Minnesota",2959,142
1600000US2772184,2772184,"Zemple city, Minnesota",28,10
1600000US2772238,2772238,"Zimmerman city, Minnesota",1772,163
1600000US2772310,2772310,"Zumbro Falls city, Minnesota",72,29
1600000US2772328,2772328,"Zumbrota city, Minnesota",1370,132
